<configuration>
  <appender name="CONSOLE" class="ch.qos.logback.core.ConsoleAppender">
    <encoder>
      <pattern>%d{yyyy-MM-dd HH:mm:ss} [%thread] %-5level %logger{36} - %msg%n</pattern>
    </encoder>
  </appender>

  <appender name="FILE" class="ch.qos.logback.core.rolling.RollingFileAppender">
    <file>sample-output/app.log</file>
    <rollingPolicy class="ch.qos.logback.core.rolling.TimeBasedRollingPolicy">
      <fileNamePattern>sample-output/app.%d{yyyy-MM-dd}.log</fileNamePattern>
      <maxHistory>30</maxHistory>
    </rollingPolicy>
    <encoder>
      <pattern>%d{yyyy-MM-dd HH:mm:ss} [%thread] %-5level %logger{36} - %msg%n</pattern>
    </encoder>
  </appender>

  <root level="INFO">
    <appender-ref ref="CONSOLE" />
    <appender-ref ref="FILE" />
  </root>
</configuration>
