{
  "info": {
    "name": "Employee Management API",
    "schema": "https://schema.getpostman.com/json/collection/v2.1.0/collection.json"
  },
  "item": [
    {
      "name": "Register",
      "request": {
        "method": "POST",
        "header": [],
        "body": {
          "mode": "raw",
          "raw": "{\"username\":\"admin\",\"password\":\"pass\",\"email\":\"a@a.com\"}"
        },
        "url": {
          "raw": "http://localhost:8081/users/register",
          "host": [
            "http://localhost:8081"
          ],
          "path": [
            "users",
            "register"
          ]
        }
      }
    },
    {
      "name": "Login",
      "request": {
        "method": "POST",
        "header": [],
        "body": {
          "mode": "raw",
          "raw": "{\"username\":\"admin\",\"password\":\"pass\"}"
        },
        "url": {
          "raw": "http://localhost:8081/users/login",
          "host": [
            "http://localhost:8081"
          ],
          "path": [
            "users",
            "login"
          ]
        }
      }
    }
  ]
}